provider,uid,name,image
Spotify,109823,Annie McAllister,img.jpg
Spotify,872451,Jules Castiglione,img.jpg
Spotify,924610,Ewan McAllister,img.jpg
Spotify,810368,Samantha Warrington,img.jpg
Spotify,904451,Stephanie Wingham,img.jpg
Spotify,123456,Arabella Sato,img.jpg
Spotify,765432,Cynthia Vaughn,img.jpg
Spotify,890189,Alix Severin,img.jpg
Spotify,999999,Alix Severin,img.jpg
Spotify,000000,Ciaran Harper,img.jpg
Spotify,860100,Duke d'Valentiois,img.jpg
Spotify,008601,Eleanor Toledo,img.jpg
Spotify,772288,Cat Medici,img.jpg
Spotify,041629,Katrina Sforza,img.jpg
Spotify,201873,Maria Hapsburg,img.jpg
Spotify,131313,Grace Ranier,img.jpg
Spotify,866417,Ira Burgess,image.jpg
Spotify,584590,Charity Carney,image.jpg
Spotify,473170,Warren Houston,image.jpg
Spotify,871756,Aphrodite Gutierrez,image.jpg
Spotify,941683,Ivana Ochoa,image.jpg
Spotify,530249,Theodore Rice,image.jpg
Spotify,440282,Idola Campbell,image.jpg
Spotify,215720,Adrian Joyce,image.jpg
Spotify,505692,Alika Kerr,image.jpg
Spotify,498736,Neil Mckinney,image.jpg
Spotify,892548,Leonard Hopkins,image.jpg
Spotify,777455,Nyssa Mcdonald,image.jpg
Spotify,118488,Daphne Barlow,image.jpg
Spotify,319560,Lael Fuller,image.jpg
Spotify,584050,Carl Boyle,image.jpg
Spotify,684439,Iola Gill,image.jpg
Spotify,764768,Justin Cardenas,image.jpg
Spotify,512394,Cynthia Everett,image.jpg
Spotify,123773,Paula Zimmerman,image.jpg
Spotify,363056,Ila Roth,image.jpg
Spotify,903816,Cara Morgan,image.jpg
Spotify,578675,Lane Garner,image.jpg
Spotify,712057,Clark Patton,image.jpg
Spotify,210710,Philip Burns,image.jpg
Spotify,124156,Martin Hale,image.jpg
Spotify,293523,Cole Hendricks,image.jpg
Spotify,466219,Alice Adams,image.jpg
Spotify,473485,Lucas Glover,image.jpg
Spotify,904103,Knox Frank,image.jpg
Spotify,720615,Octavius Martin,image.jpg
Spotify,135655,Mason Nichols,image.jpg
Spotify,645143,Anastasia Lloyd,image.jpg
Spotify,486486,Vernon Lancaster,image.jpg
Spotify,759746,Valentine Hess,image.jpg
Spotify,125807,Myra Perry,image.jpg
Spotify,772579,Tucker Keller,image.jpg
Spotify,247574,Mary Nielsen,image.jpg
Spotify,975143,Bell Calhoun,image.jpg
Spotify,827975,Xena Rosario,image.jpg
Spotify,299405,Nathaniel Sanford,image.jpg
Spotify,853727,Keely Harrington,image.jpg
Spotify,597584,Griffin Meyers,image.jpg
Spotify,130725,Hasad Meyers,image.jpg
Spotify,594592,Hilel Quinn,image.jpg
Spotify,245798,Danielle Faulkner,image.jpg
Spotify,558040,Uta Floyd,image.jpg
Spotify,458172,Mallory Banks,image.jpg
Spotify,874589,Winter Bolton,image.jpg
Spotify,468751,Kenneth Quinn,image.jpg
Spotify,388986,Colt Boyer,image.jpg
Spotify,868456,Leilani Preston,image.jpg
Spotify,884785,Talon Farmer,image.jpg
Spotify,427428,Quon Cross,image.jpg
Spotify,143202,George Cantrell,image.jpg
Spotify,459149,Tashya Kennedy,image.jpg
Spotify,355336,Upton Trevino,image.jpg
Spotify,169077,Emily Daugherty,image.jpg
Spotify,951922,Jayme Kelley,image.jpg
Spotify,901979,Lenore Johns,image.jpg
Spotify,316586,Skyler Knight,image.jpg
Spotify,215650,Irma Shields,image.jpg
Spotify,544724,Andrew Moore,image.jpg
Spotify,398602,Bernard Montgomery,image.jpg
Spotify,195974,Travis Lindsay,image.jpg
Spotify,892774,Tallulah Small,image.jpg
Spotify,596636,Sebastian Rose,image.jpg
Spotify,914046,Ramona George,image.jpg
Spotify,888341,Jolene Adkins,image.jpg
Spotify,998723,Gareth Hobbs,image.jpg
Spotify,480554,Colorado Gonzalez,image.jpg
Spotify,162748,Quin Chan,image.jpg
Spotify,455072,Nathaniel Flores,image.jpg
Spotify,580683,Daria Richard,image.jpg
Spotify,449584,Jackson Jackson,image.jpg
Spotify,396604,Ingrid Henry,image.jpg
Spotify,803159,Erich Carlson,image.jpg
Spotify,567476,Wade Doyle,image.jpg
Spotify,434865,Freya Klein,image.jpg
Spotify,118643,Xaviera Burt,image.jpg
Spotify,591267,Troy Robbins,image.jpg
Spotify,484642,Shea Tillman,image.jpg
Spotify,959254,Shannon Chang,image.jpg
Spotify,518563,Diana Meyer,image.jpg
Spotify,865373,Avye Lindsey,image.jpg
Spotify,276414,Colleen Rodriquez,image.jpg
Spotify,519988,Chantale Huffman,image.jpg
Spotify,912498,Farrah Mason,image.jpg
Spotify,589523,Allen Watson,image.jpg
Spotify,696497,Eric Jimenez,image.jpg
Spotify,439680,Madeson Melendez,image.jpg
Spotify,577287,Baxter Baker,image.jpg
Spotify,592659,Vernon Neal,image.jpg
Spotify,491191,Mannix Simmons,image.jpg
Spotify,787798,Freya Massey,image.jpg
Spotify,675911,Tad Fernandez,image.jpg
Spotify,847888,Abdul Case,image.jpg
Spotify,868380,Chandler Farmer,image.jpg
Spotify,731904,Xyla Hopkins,image.jpg
Spotify,414397,Abigail Grant,image.jpg
Spotify,551181,Colleen Roberson,image.jpg
Spotify,165176,Quinn Salazar,image.jpg
Spotify,208050,Hyatt Camacho,image.jpg
Spotify,659922,Hector Romero,image.jpg
Spotify,336010,Ursula Golden,image.jpg
Spotify,729856,Sean Mayo,image.jpg
Spotify,348063,Quin Hyde,image.jpg
Spotify,444616,Cally Dillon,image.jpg
Spotify,591904,Gabriel Rivas,image.jpg
Spotify,145634,Jonas Lane,image.jpg
Spotify,705239,Hadley Hampton,image.jpg
Spotify,856514,Danielle Blevins,image.jpg
Spotify,716096,Nigel Orr,image.jpg
Spotify,504502,Savannah English,image.jpg
Spotify,791981,Brody Hendricks,image.jpg
Spotify,571543,Rafael Mcknight,image.jpg
Spotify,760126,Kristen Campos,image.jpg
Spotify,878623,Daria Mckinney,image.jpg
Spotify,898816,Juliet Roy,image.jpg
Spotify,259885,Clark Patton,image.jpg
Spotify,574926,Jelani Workman,image.jpg
Spotify,323971,Ulysses Gallagher,image.jpg
Spotify,348565,Kellie Simpson,image.jpg
Spotify,153850,Gavin Cote,image.jpg
Spotify,383441,Basia Leach,image.jpg
Spotify,234790,Olga Mccarty,image.jpg
Spotify,669704,Dalton Kidd,image.jpg
Spotify,500181,Wing Callahan,image.jpg
Spotify,885231,Barrett Mendez,image.jpg
Spotify,652150,Miranda Ramos,image.jpg
Spotify,744242,Nathaniel Fleming,image.jpg
Spotify,779734,Rashad Santos,image.jpg
Spotify,930758,Ray Owens,image.jpg
Spotify,996801,Barbara Rodgers,image.jpg
Spotify,866647,Eugenia Armstrong,image.jpg
Spotify,165633,Jillian Bryant,image.jpg
Spotify,315036,Evan Middleton,image.jpg
Spotify,631578,Odysseus Pollard,image.jpg
Spotify,204899,Reagan Gould,image.jpg
Spotify,469207,Ezra Ayala,image.jpg
Spotify,824475,Jaquelyn Odonnell,image.jpg
Spotify,656706,Georgia Sims,image.jpg
Spotify,563905,Rose Salas,image.jpg
Spotify,135611,Driscoll Pope,image.jpg
Spotify,216247,Maile Small,image.jpg
Spotify,165792,Kuame Matthews,image.jpg
Spotify,501037,Ila Chapman,image.jpg
Spotify,752475,Fallon Henry,image.jpg
Spotify,977974,Devin Ashley,image.jpg
Spotify,445537,Rose Pratt,image.jpg
Spotify,738372,Austin Brennan,image.jpg
Spotify,445972,Rebecca Bradford,image.jpg
Spotify,840822,Dakota Guthrie,image.jpg
Spotify,306615,Theodore Armstrong,image.jpg
Spotify,534258,Wayne Wooten,image.jpg
Spotify,832168,Russell Charles,image.jpg
Spotify,231775,Jordan Franco,image.jpg
Spotify,888041,Jesse Leblanc,image.jpg
Spotify,281665,Jacqueline Ruiz,image.jpg
Spotify,441313,Freya Webb,image.jpg
Spotify,244526,Elliott Lynn,image.jpg
Spotify,836925,Thor Gardner,image.jpg
Spotify,229208,Hector Mccullough,image.jpg
Spotify,362091,Minerva Deleon,image.jpg
Spotify,816623,Sloane Joyner,image.jpg
Spotify,237406,Julie Puckett,image.jpg
Spotify,547416,Heidi Garrison,image.jpg
Spotify,445869,Noah Melton,image.jpg
Spotify,957645,Gregory Murray,image.jpg
Spotify,192445,Hashim Blevins,image.jpg
Spotify,882949,Logan Rivera,image.jpg
Spotify,596335,Shad Sykes,image.jpg
Spotify,473563,Montana Hurley,image.jpg
Spotify,437980,Magee Parks,image.jpg
Spotify,574757,Galena Ellis,image.jpg
Spotify,289648,Stephanie Harding,image.jpg
Spotify,801905,Raja Hamilton,image.jpg
Spotify,489276,Cameron Cantu,image.jpg
Spotify,705845,Shea Keith,image.jpg
Spotify,538164,Piper Norris,image.jpg
Spotify,745176,Kennan Riley,image.jpg
Spotify,185056,Casey Wagner,image.jpg
Spotify,741549,Dara Santana,image.jpg
Spotify,934599,Abraham Reilly,image.jpg
Spotify,600378,Angelica Koch,image.jpg
Spotify,161095,Lesley Carroll,image.jpg
Spotify,940331,Guinevere Franks,image.jpg
Spotify,965525,Ursula Keller,image.jpg
Spotify,261084,Bree Young,image.jpg
Spotify,610425,Logan Mccarty,image.jpg
Spotify,550069,Marshall Nixon,image.jpg
Spotify,180835,Arsenio Ewing,image.jpg
Spotify,351519,MacKenzie Coleman,image.jpg
Spotify,770533,Fatima Schwartz,image.jpg
Spotify,515572,Emmanuel Flores,image.jpg
Spotify,363450,Harriet Jimenez,image.jpg
Spotify,763218,James Hood,image.jpg
Spotify,947843,Aurelia Barton,image.jpg
Spotify,735351,Kelly Workman,image.jpg
Spotify,635623,Keith Duran,image.jpg
Spotify,918696,Daria Banks,image.jpg
Spotify,742636,Tiger Barlow,image.jpg
Spotify,546210,Shaine Mayo,image.jpg
Spotify,738048,Audra Bowers,image.jpg
Spotify,884800,Donna Willis,image.jpg
Spotify,691668,Yoshi Harvey,image.jpg
Spotify,596079,Wing Noel,image.jpg
Spotify,288239,Alan Valentine,image.jpg
Spotify,456731,Brynn Reid,image.jpg
Spotify,602144,Hasad Christensen,image.jpg
Spotify,562684,Adria Foster,image.jpg
Spotify,453690,Larissa Snider,image.jpg
Spotify,773946,Peter Solomon,image.jpg
Spotify,390023,Hedley Miranda,image.jpg
Spotify,359100,Shana Lambert,image.jpg
Spotify,652460,Juliet Mueller,image.jpg
Spotify,998394,Chadwick Wagner,image.jpg
Spotify,718970,Edan Carter,image.jpg
Spotify,247844,Regan Stark,image.jpg
Spotify,121259,Graiden Acevedo,image.jpg
Spotify,423261,Yeo Castaneda,image.jpg
Spotify,947397,Ronan Meyers,image.jpg
Spotify,733576,Willow Strong,image.jpg
Spotify,300480,Graiden Lowe,image.jpg
Spotify,646997,Mikayla Gilbert,image.jpg
Spotify,273235,Ori Chan,image.jpg
Spotify,160043,Denise Herman,image.jpg
Spotify,233213,Ray Silva,image.jpg
Spotify,677135,Wilma Lee,image.jpg
Spotify,968600,Alan Davis,image.jpg
Spotify,574685,Harriet Johnson,image.jpg
Spotify,152655,Rhea Rodgers,image.jpg
Spotify,471837,Tashya Powell,image.jpg
Spotify,662142,Cody Alston,image.jpg
Spotify,570738,Danielle Carson,image.jpg
Spotify,552232,Ian Newman,image.jpg
Spotify,165298,Nicole Greene,image.jpg
Spotify,181079,Zenia Hines,image.jpg
Spotify,208327,Anne Thomas,image.jpg
Spotify,586204,Deacon Cox,image.jpg
Spotify,479490,Nita Cooley,image.jpg
Spotify,431433,Nolan Joseph,image.jpg
Spotify,926239,Sylvester Silva,image.jpg
Spotify,921048,Macey Avery,image.jpg
Spotify,157552,Kessie Vang,image.jpg
Spotify,305683,Alexandra Montoya,image.jpg
Spotify,981867,Darryl Whitley,image.jpg
Spotify,263377,Ezra Kinney,image.jpg
Spotify,890016,Gannon Horne,image.jpg
Spotify,169558,Acton Crane,image.jpg
Spotify,501114,Thane Harding,image.jpg
Spotify,825764,Anika Kane,image.jpg
Spotify,847967,Grace Bishop,image.jpg
Spotify,719447,Wade Combs,image.jpg
Spotify,141830,Steel Lamb,image.jpg
Spotify,626891,Mari Keller,image.jpg
Spotify,352718,Kelly Payne,image.jpg
Spotify,323958,Adrienne Leblanc,image.jpg
Spotify,439660,Cody King,image.jpg
Spotify,535551,Kai Dickerson,image.jpg
Spotify,278900,Ava Wilkerson,image.jpg
Spotify,255741,Germane Vincent,image.jpg
Spotify,528419,Mikayla Mitchell,image.jpg
Spotify,316843,Luke Mcmahon,image.jpg
Spotify,755247,Jenette Townsend,image.jpg
Spotify,784697,Lyle Griffin,image.jpg
Spotify,438329,Dante Barton,image.jpg
Spotify,512278,Davis Sanders,image.jpg
Spotify,646633,Jamalia Lopez,image.jpg
Spotify,527407,Tucker Conway,image.jpg
Spotify,240597,Lillian Mccall,image.jpg
Spotify,618918,Jolene Franco,image.jpg
Spotify,166426,Halee Hughes,image.jpg
Spotify,276738,Brock Glover,image.jpg
Spotify,709420,Brianna Meyer,image.jpg
Spotify,919183,Kellie Holcomb,image.jpg
Spotify,182625,Mia Weeks,image.jpg
Spotify,903817,Lucian Gray,image.jpg
Spotify,228404,Wyatt Gates,image.jpg
Spotify,984299,McKenzie Pena,image.jpg
Spotify,385815,Gary Valentine,image.jpg
Spotify,604111,William Jennings,image.jpg
Spotify,139809,Bo Strong,image.jpg
Spotify,246358,Belle Guerrero,image.jpg
Spotify,121991,Ian Carlson,image.jpg
Spotify,752874,Moses Todd,image.jpg
Spotify,856800,Barclay Taylor,image.jpg
Spotify,205249,Nicole Simpson,image.jpg
Spotify,299751,Abraham Hendricks,image.jpg
Spotify,853027,Amanda Anderson,image.jpg
Spotify,481116,Ria Bowman,image.jpg
Spotify,512884,Marsden Shaw,image.jpg
Spotify,215098,Karly Valenzuela,image.jpg
Spotify,639706,Cara Mcmillan,image.jpg
Spotify,221374,Coby Patrick,image.jpg
Spotify,695144,Tucker Schmidt,image.jpg
Spotify,864350,Magee Gentry,image.jpg
Spotify,964708,Louis George,image.jpg
Spotify,422982,Kirestin Jarvis,image.jpg
Spotify,380827,Hoyt Hardin,image.jpg
Spotify,158777,Zeus Cherry,image.jpg